index,cid,PBS,smiles,CoPriNet,NBS,Experimental,RO5,RO3,1st closest,2d closest,3d closest,ddg_0,ddg_1,ddg_2,energyRatio_0,energyRatio_1,energyRatio_2,Mean ddG,Std ddG,Min ddG,Mean ER,Std ER,Min ER,Customer Code,Tested
42430,PV-003785261753,0.88,CC(=O)N1CCN(C(=O)C2=CC(C)=CC=C2C)C[C@@H]1C,4.41532564163208,0.9735099337748345,False,True,False,8BW4,8BW3,8BW2,-11.734942375917038,-14.289279282826934,-13.664769374290636,4.739920450756686,4.138649690300253,5.022883301325284,-13.229663677678204,1.3315956533118252,-14.289279282826934,4.633817814127408,0.4515646098194086,4.138649690300253,DIV0,True
26379,Z1168487931,0.92,CC1CN(C(=O)OC(C)(C)C)CCN1C(=O)NNC(=O)C1=CN=CN1C1=CC=C(F)C=C1,4.03266000747681,0.980132450331126,False,True,False,8BW4,8BW3,8BW2,-14.800029694315189,-13.67796946820586,-11.446859390575575,1.2905273236291894,1.936580504994863,3.2215864556388696,-13.308286184365542,1.7068793364598227,-14.800029694315189,2.149564761420974,0.9829898590237502,1.2905273236291894,DIV1,True
37447,PV-003938732498,0.92,COC(=O)C1=CC=C(C(=O)N2CCN(C(=O)C3=CN=CN3C)CC2C)O1,4.60596990585327,0.9668874172185431,False,True,False,8BW4,8BW3,8BW2,-12.736924877136786,-12.474620197168928,-13.751214441122844,8.287311540387941,1.490817647600344,23.15113412636557,-12.987586505142852,0.6742007525507935,-13.751214441122844,10.97642110478462,11.077716830514506,1.490817647600344,DIV2,True
31600,Z3591691525,0.92,CC(=O)N1CCN(C(=O)NC2=CC(C3=CC=CC=C3)=CN=C2C)[C@H](C)C1,4.63865947723389,0.9668874172185431,False,True,False,8BW4,8BW3,8BW2,-14.101237652575245,-10.022860182552606,-9.509734570290329,1.636707395302063,7.63903058535229,2.326425998441234,-11.211277468472725,2.515894845331037,-14.101237652575245,3.8673879930318624,3.2844929321027974,1.636707395302063,DIV3,True
37629,Z2000692651,0.92,CC1CN(C(=O)OC(C)(C)C)CCN1C(=O)NCC(=O)NC1CCOC2=CC=CC=C21,4.30312252044678,0.9735099337748345,False,True,False,8BW4,8BW3,8BW2,-13.05320211834307,-15.662313268315271,-13.56731527336162,2.0488752658674243,1.5179606425228196,5.272933724839624,-14.09427688667332,1.3820751262704098,-15.662313268315271,2.946589877743289,2.0320862076970347,1.5179606425228196,DIV4,True
24588,Z1266643440,0.92,CC1CN(C(=O)C2=CC=CC(NC(=O)C3=CC=CN=C3)=C2)CCN1C(=O)OC(C)(C)C,4.59059953689575,0.9735099337748345,False,True,False,8BW4,8BW3,8BW2,-14.142583325304647,-3.934409963095191,-12.263699737094688,1.5581026399652205,77.35112187315323,2.7877742877519984,-10.113564341831507,5.4331402072561445,-14.142583325304647,27.23233293362349,43.40849889899661,1.5581026399652205,DIV5,True
1884,PV-002982787508,0.96,CCCNC(=O)CCC(=O)N1CCN(C(=O)C2=CC=NN2C)CC1C,4.6166262626648,0.9735099337748345,False,True,False,8BW4,8BW3,8BW2,-12.862936286774683,-13.66051842091134,-12.282009264307089,2.1235696912241173,2.0790526155387656,2.717965440351795,-12.935154657331037,0.6920863338448475,-13.66051842091134,2.30686258237156,0.3567206363339976,2.0790526155387656,DIV6,True
34387,PV-003887309836,0.92,C[C@@H]1CN(C(=O)C2=CN(C)C3=CC=CC=C23)CCN1C(=O)CNC(N)=O,4.62688827514648,0.9668874172185431,False,True,False,8BW4,8BW3,8BW2,-10.383390355750752,-14.153088038590695,-8.463944827606689,25.523254665633555,1.815083642901297,2.5730317590846243,-11.000141073982713,2.894282934528185,-14.153088038590695,9.970456689206491,13.47444859756316,1.815083642901297,DIV7,True
23624,PV-002886096438,0.92,CNC1=CC=CC=C1C(=O)N1CCN(C(=O)C2=CN=CN=C2)CC1C,4.62594556808472,0.9735099337748345,False,True,False,8BW4,8BW3,8BW2,-12.120084809983664,-11.39486347488332,-13.8190897258768,5.819761138720328,11.358968760952004,0.9131449302446278,-12.444679336914596,1.244282698660804,-13.8190897258768,6.030624943305654,5.226103379536869,0.9131449302446278,DIV8,True
1830,Z3599549557,0.96,COC(=O)CC1=CC=CC=C1CNC(=O)N1CCN(C(C)=O)C[C@H]1C,4.62511444091797,0.980132450331126,False,True,False,8BW4,8BW3,8BW2,-10.875582795753145,-13.721371738655597,-11.2051508775156,2.840345259528468,1.122675636432198,3.0718788415007934,-11.934035137308117,1.5566254767979433,-13.721371738655597,2.34496657915382,1.0648466140199333,1.122675636432198,DIV9,True
28071,PV-003521632309,0.92,CCC1=C(C(=O)N2CCN(C(=O)C3=NC(C)=NC=C3)CC2C)SC=N1,4.6320595741272,0.9668874172185431,False,True,False,8BW4,8BW3,8BW2,-11.516477763568515,-10.8049414892296,-13.507381386017377,3.4331031488930672,1.238753109716183,1.4699644318925276,-11.942933546271831,1.4007832629955304,-13.507381386017377,2.0472735635005925,1.205718623347687,1.238753109716183,DIV10,True
22408,Z2151797182,0.92,COC1=NN=CC=C1NC(=O)N1CCN(C(=O)OC(C)(C)C)CC1C,4.62704229354858,0.980132450331126,False,True,False,8BW4,8BW3,8BW2,-14.24645118837363,-11.877736452587085,-12.400786070044337,8.902965164845567,2.374727030643429,5.573424371370279,-12.841657903668349,1.2443787024637358,-14.24645118837363,5.617038855619758,3.264337597681957,2.374727030643429,DIV11,True
27299,PV-002816055567,0.92,CC1=NC(C(=O)N2CCN(C(=O)C3=CC=CC(F)=C3C)[C@@H](C)C2)=N[NH]1,4.59487724304199,0.9668874172185431,False,True,False,8BW4,8BW3,8BW2,-9.561075151293752,-10.205787460935069,-13.68937320595405,1.848074027434932,153.5801878686959,5.140889132197572,-11.152078606060956,2.2208807724719826,-13.68937320595405,53.52305034277614,86.66766256937564,1.848074027434932,DIV12,True
737,PV-003963131767,0.96,CNC(=O)CCC(=O)N1CCN(C(=O)C2=CC=C(O)C(OC)=C2)C[C@H]1C,4.61322402954102,0.9668874172185431,False,True,False,8BW4,8BW3,8BW2,-13.577254917365073,-10.148591690494367,-11.388468159346248,2.1863700509140727,11.7717541598287,11.34618414860925,-11.704771589068562,1.736078562613004,-13.577254917365073,8.43476945311734,5.415454623178275,2.1863700509140727,DIV13,True
11467,PV-003476617719,0.92,CC(=O)NC1=NC=C(C(=O)N2CCN(C(=O)C3=CC=CN3C)CC2C)O1,4.63868570327759,0.9668874172185431,False,True,False,8BW4,8BW3,8BW2,-12.594732760642044,-13.722102027305576,-13.09824902032431,1.9003973915645709,1.52117744362499,1.733889168186879,-13.138361269423976,0.5647540263249504,-13.722102027305576,1.71848800112548,0.1900785079617483,1.52117744362499,DIV14,False
24161,PV-003744312503,0.92,COC(=O)C1=CN=CC=C1C(=O)N1CCN(C(=O)C(C)CO)C(C)C1,4.62564420700073,0.9735099337748345,False,True,False,8BW4,8BW3,8BW2,-13.782197788866265,-8.700435554533836,-10.108598185655934,3.055403706245764,16.150267085673136,5.5329823149769295,-10.86374384301868,2.6236921645740354,-13.782197788866265,8.24621770229861,6.956299047031258,3.055403706245764,DIV15,True
40403,Z3596581619,0.88,COC(=O)N1CCN(C(=O)C2=C(C)[NH]C(C)=C2)C[C@@H]1C,4.60717725753784,0.980132450331126,False,True,False,8BW4,8BW3,8BW2,-11.644138754648615,-13.984696094925049,-12.027729874410122,1.7989428367475473,4.03129453622894,2.206977672063265,-12.552188241327928,1.2553264912974005,-13.984696094925049,2.679071681679917,1.1886980663655982,1.7989428367475473,DIV16,True
26730,PV-003488863314,0.92,CC1=CC(C(=O)N2CCN(C(=O)CNC3=CC=NC=C3)C(C)C2)=CS1,4.62520980834961,0.9668874172185431,False,True,False,8BW4,8BW3,8BW2,-13.495428071746936,-11.79552093287267,-11.382494198398078,1.1146821328662435,4.996842371932464,1.9222731623964209,-12.224481067672562,1.119878335455199,-13.495428071746936,2.6779325557317097,2.0484281460423666,1.1146821328662435,DIV17,True
37679,PV-003939316908,0.92,CC1=CC=CC(C(=O)N2CCN(C(=O)C3=CN=C4[NH]N=CC4=C3)[C@H](C)C2)=C1,4.53960657119751,0.9668874172185431,False,True,False,8BW4,8BW3,8BW2,-11.550972292948163,-13.515681786988242,-11.8797688136439,10.196654241514477,1.1930982208570544,4.79244109235687,-12.3154742978601,1.0523308893712389,-13.515681786988242,5.3940645182428,4.5318283632779135,1.1930982208570544,DIV18,True
23334,Z1538116300,0.92,CCC1=C(CNC(=O)N2CCN(C(=O)OC(C)(C)C)C[C@H]2C)SC=C1,4.60679340362549,0.980132450331126,False,True,False,8BW4,8BW3,8BW2,-11.007375077608476,-13.736537570595196,-12.12002746834516,1.973218048406662,1.3122764860375074,2.2145305859789794,-12.28798003884961,1.3723111993041746,-13.736537570595196,1.833341706807716,0.4671077588946983,1.3122764860375074,DIV19,True
7720,PV-003608467851,0.92,CNC1=NC=CC=C1C(=O)N1CCN(C(=O)C(C)O)C(C)C1,4.5924334526062,0.9668874172185431,False,True,False,8BW4,8BW3,8BW2,-10.9391985684177,-13.781856020554445,-10.738914849202732,3.350306161085175,1.5897580671793878,279.79719955651376,-11.81998981272496,1.7019746340980173,-13.781856020554445,94.91242126159278,160.11733452774345,1.5897580671793878,DIV20,True
14566,PV-002754006613,0.92,CC(=O)NCC(=O)N1CCN(C(=O)C2=CC(O)=CC=C2F)C[C@H]1C,4.60233736038208,0.9668874172185431,False,True,False,8BW4,8BW3,8BW2,-9.733490728048828,-13.448477189816844,-9.362184148359407,2.753206063170042,1.766612713741721,2.147102035705594,-10.848050688741694,2.259674895787141,-13.448477189816844,2.22230693753912,0.4975775740815606,1.766612713741721,DIV21,True
14614,PV-003694027217,0.92,CC(=O)N[C@H](C)C(=O)N1CCN(C(=O)C2=CC=C(C)N2C)CC1C,4.59374523162842,0.9668874172185431,False,True,False,8BW4,8BW3,8BW2,-11.363003012870534,-13.90279700734575,-12.644906580284252,5.420634049778919,1.5526319809859126,4.103278248411165,-12.636902200166844,1.269915916968085,-13.90279700734575,3.692181426391999,1.9664969994516743,1.5526319809859126,DIV22,True
33304,PV-003476729029,0.92,CC(C)NC1=CC=CC(C(=O)N2CCN(C(=O)C3[C@@H](C)[C@H]3C)[C@H](C)C2)=C1,4.56633043289185,0.9668874172185431,False,True,False,8BW4,8BW3,8BW2,-13.003806135535664,-14.207518937105702,-13.548248856948453,1.5162888925524272,1.158688237667556,1.283902938861981,-13.586524643196606,0.60276853271018,-14.207518937105702,1.319626689693988,0.1814571488634511,1.158688237667556,DIV23,False
60,PV-003545072395,0.96,CCC(=O)NCC(=O)N1CCN(C(=O)C2=C(C)C(C)=NC=C2)C[C@H]1C,4.62108135223389,0.9735099337748345,False,True,False,8BW4,8BW3,8BW2,-11.06095726358364,-14.40131317579306,-10.493202234348786,4.653610914817898,11.72880641389137,8.453842947878954,-11.985157557908495,2.111620804188509,-14.40131317579306,8.278753425529407,3.5408459572755806,4.653610914817898,DIV24,True
32326,PV-003913485781,0.92,CNC(=O)CC1=CC=C(C(=O)N2CCN(C(=O)CN(C)C)[C@H](C)C2)C=C1,4.63431549072266,0.9735099337748345,False,True,False,8BW4,8BW3,8BW2,-10.179504260379144,-12.203465880167649,-13.811215459335438,3.46880321416609,3.2718156591952483,11.41435120696061,-12.064728533294078,1.8198262545417017,-13.811215459335438,6.051656693440649,4.645273980962389,3.2718156591952483,DIV25,True
40753,Z3596580510,0.88,COC(=O)N1CCN(C(=O)C2=CC(C)=NN2C)C[C@@H]1C,4.43184852600098,0.9735099337748345,False,True,False,8BW4,8BW3,8BW2,-11.182182297781363,-13.642893277978184,-11.487823569919172,1.2728012595633895,1.389194790427876,1.751505810924001,-12.10429971522624,1.3411960186023495,-13.642893277978184,1.4711672869717554,0.2496580251375234,1.2728012595633895,DIV26,True
7977,Z3629443702,0.92,CCOC1=C(C(=O)N2CCN(C(=O)OC)[C@@H](C)C2)C=CS1,4.58050107955933,0.9735099337748345,False,True,False,8BW4,8BW3,8BW2,-14.03071321226495,-10.895877099898998,-11.33835821797059,2.9178779084910174,249.66564487278472,2.1208404282214834,-12.08831617671151,1.696651722587036,-14.03071321226495,84.90145440316574,142.69053109095188,2.1208404282214834,DIV27,True
15144,Z3586740832,0.92,COC1=CC=C(OC)C(NC(=O)N2CCN(C(C)=O)C[C@H]2C)=C1,4.58739185333252,0.980132450331126,False,True,False,8BW4,8BW3,8BW2,-13.516356787184682,-10.678088193643744,-10.670321232664046,2.09752164010202,24.78839286638405,40.050657051428615,-11.621588737830823,1.6409218604369569,-13.516356787184682,22.31219051930489,19.097350743895955,2.09752164010202,DIV28,True
24741,Z1538138827,0.92,C[C@H]1CN(C(=O)OC(C)(C)C)CCN1C(=O)NCC1=CC=CC(COCC(F)(F)F)=C1,4.59912252426147,0.9735099337748345,False,True,False,8BW4,8BW3,8BW2,-12.263920526769263,-13.637203612475911,-11.937065054183016,1.4240943438715792,1.6263770707162477,1.609351746581061,-12.61272973114273,0.9021467037795458,-13.637203612475911,1.5532743870562962,0.112196604598272,1.4240943438715792,DIV29,True
26460,Z1595118152,0.92,CC1CN(C(=O)OC(C)(C)C)CCN1C(=O)NC1=CC=CC(S(=O)(=O)NC2CC2)=C1,3.96661448478699,0.980132450331126,False,True,False,8BW4,8BW3,8BW2,-15.25257655687125,-14.056714209080996,-12.600765253695908,1.9601535090976625,1.2508010879851692,3.77033843467682,-13.970018673216051,1.3280296999187593,-15.25257655687125,2.3270976772532173,1.2992317450135793,1.2508010879851692,DIV30,True
23125,PV-003879047142,0.92,CCC1=C(C)C=C(C(=O)N2CCN(C(=O)CCC(=O)NC)[C@H](C)C2)O1,4.61822986602783,0.9668874172185431,False,True,False,8BW4,8BW3,8BW2,-11.145944617133566,-14.26469069286051,-10.88831196196755,2.8133249727120524,2.1412953489628217,2.7967786769949927,-12.099649090653877,1.8794008355633125,-14.26469069286051,2.583799666223289,0.383309272091223,2.1412953489628217,DIV31,True
35286,Z1672227570,0.92,CC1CN(C(=O)OC(C)(C)C)CCN1C(=O)NC1=CSC(C2=CC=CC=N2)=N1,4.25785160064697,0.9735099337748345,False,True,False,8BW4,8BW3,8BW2,-14.016809577072634,-11.97289821557326,-11.347809604305368,1.3079105406933973,6.312907044144046,1.6975046871913335,-12.445839132317088,1.395938768967244,-14.016809577072634,3.106107424009592,2.783993310429682,1.3079105406933973,DIV32,False
23492,Z3599639372,0.92,CC(=O)N1CCN(C(=O)NC(C)(C)C2=CC=C(C(C)C)C=C2)[C@H](C)C1,4.6350474357605,0.9735099337748345,False,True,False,8BW4,8BW3,8BW2,-9.651812077014938,-10.751938235050424,-14.383421596769708,2.520799830866721,0.8865543879950352,2.628367910991401,-11.59572396961169,2.476088232726231,-14.383421596769708,2.011907376617719,0.9760672285846568,0.8865543879950352,DIV33,False
30914,PV-002797921376,0.92,CC1=CC(C(=O)N2CCN(C(=O)C3=C(C)C(C)=CC=C3)CC2C)=NC=N1,4.62335872650147,0.9668874172185431,False,True,False,8BW4,8BW3,8BW2,-12.047972278585492,-9.741043855305517,-14.534579177166918,7.983034212630433,1.4785078666588622,6.287932593433663,-12.107865103685976,2.397328843391559,-14.534579177166918,5.249824890907653,3.374235683513,1.4785078666588622,DIV34,True
18043,PV-003137130334,0.92,COC(=O)NCCC(=O)N1CCN(C(=O)C2=CC=CN2C)CC1C,4.61043357849121,0.9735099337748345,False,True,False,8BW4,8BW3,8BW2,-11.777106418385207,-13.42081643442333,-11.503733416582202,3.778477928892368,1.569070657322662,2.008948030609957,-12.233885423130246,1.0369605193572282,-13.42081643442333,2.4521655389416623,1.1694876838535313,1.569070657322662,DIV35,True
16862,Z3596601956,0.92,COC(=O)N1CCN(C(=O)C2=CC(NC(C)=O)=CC=C2C)C[C@@H]1C,4.61639785766602,0.9735099337748345,False,True,False,8BW4,8BW3,8BW2,-14.45155810585248,-13.368299979077484,-9.832779142205188,3.181737724581261,2.8004960198550783,23.99101645366268,-12.550879075711718,2.415452851682716,-14.45155810585248,9.99108339936634,12.125796075018746,2.8004960198550783,DIV36,True
13815,Z3596587597,0.92,CCNC1=CC=C(C)C=C1C(=O)N1CCN(C(=O)OC)[C@@H](C)C1,4.58337497711182,0.9735099337748345,False,True,False,8BW4,8BW3,8BW2,-11.944629758366624,-13.86186833098228,-9.888576153701171,2.736345790921136,2.0625044186265,4.228407310672266,-11.89835808101669,1.9870501962971128,-13.86186833098228,3.0090858400733005,1.1084106573160049,2.0625044186265,DIV37,True
23665,PV-003477628595,0.92,COC(C)(C)CC(=O)N1CCN(C(=O)C2=CC=CC(O)=C2C)CC1C,4.60602617263794,0.9668874172185431,False,True,False,8BW4,8BW3,8BW2,-11.45440785684505,-14.340516881675876,-11.827669763416957,13.195990685142098,1.813958345878514,14.883327817490224,-12.540864833979294,1.5696788627959222,-14.340516881675876,9.96442561617028,7.108752646746344,1.813958345878514,DIV38,True
7554,PV-002806840416,0.92,C[C@H]1CN(C(=O)C2=CC=CC=C2)CCN1C(=O)CNS(C)(=O)=O,4.60509872436523,0.980132450331126,False,True,False,8BW4,8BW3,8BW2,-11.742757581388624,-12.55604957858949,-13.711734282008017,3.142067704352036,1.9422497110198127,1.7433900007991934,-12.670180480662044,0.9894375720587067,-13.711734282008017,2.275902472057014,0.7566822010030195,1.7433900007991934,DIV39,True
14611,Z3599525250,0.92,CC(=O)N1CCN(C(=O)NCCCOC2=CC=C(C)C=C2)[C@H](C)C1,4.63746690750122,0.9668874172185431,False,True,False,8BW4,8BW3,8BW2,-9.626150427412515,-13.9598066109313,-10.111405186648144,3.0190290271862144,2.8720951643896924,5.840975126539979,-11.23245407499732,2.37438559142978,-13.9598066109313,3.910699772705295,1.673281087033881,2.8720951643896924,DIV40,True
25905,PV-002995282203,0.92,CC1=CC=CC(C(=O)N2CCN(C(=O)C(C)N3C=NC=N3)C(C)C2)=C1,4.56518936157227,0.9668874172185431,False,True,False,8BW4,8BW3,8BW2,-13.183149692575338,-14.36111526517151,-12.85066228435827,1.879855325665472,1.8763871719777987,7.453419130749891,-13.464975747368372,0.7936853883511117,-14.36111526517151,3.736553876131054,3.2189002000321576,1.8763871719777987,DIV41,True
16840,PV-002770221252,0.92,COC1=CC=C(C(=O)N2CCN(C(=O)CO)[C@H](C)C2)C(C)=C1OC,4.61221218109131,0.9735099337748345,False,True,False,8BW4,8BW3,8BW2,-13.700883639466662,-10.242608866918353,-9.361155416222903,6.3338302531052495,428.67268359606607,24.923131569840635,-11.10154930753597,2.293827428840474,-13.700883639466662,153.3098818063373,238.6522469786911,6.3338302531052495,DIV42,True
22690,PV-004139367331,0.92,CNC1=CC=CC=C1C(=O)N1CCN(C(=O)C2=C(Cl)CCC2)[C@H](C)C1,4.47967863082886,0.9668874172185431,False,True,False,8BW4,8BW3,8BW2,-12.370228754769908,-13.67111470772037,-12.53150577885,2.6775224695939226,1.0779946908871378,1.4003125100868383,-12.857616413780091,0.7091101291808201,-13.67111470772037,1.7186098901892997,0.8459356922064072,1.0779946908871378,DIV43,True
40058,PV-003388791186,0.88,CC1=C(C(=O)N2CCN(C(=O)C3=CSC=C3)C(C)C2)N=NS1,4.00833129882813,0.9668874172185431,False,True,False,8BW4,8BW3,8BW2,-10.414647776203504,-11.2453223677271,-13.515063990774737,22.87968552621736,1036.26757806904,1.4245457394116094,-11.725011378235116,1.6049053978336765,-13.515063990774737,353.5239364448896,591.3706459484376,1.4245457394116094,DIV44,True
18946,PV-002947227272,0.92,CC1=CC=CC(C(=O)N2CCN(C(=O)C3=C[NH]N=C3)[C@H](C)C2)=C1C,4.52595615386963,0.9668874172185431,False,True,False,8BW4,8BW3,8BW2,-12.7963583606222,-13.753770218173525,-13.20431757637939,35.378648050523765,5.750378831324685,2.0162757636310373,-13.25148205172504,0.4804453476160865,-13.753770218173525,14.38176754849316,18.27943173466983,2.0162757636310373,DIV45,True
2559,PV-003993747580,0.96,CCC1=CC=C(F)C(C(=O)N2CCN(C(=O)CCC(=O)NC)[C@H](C)C2)=C1,4.63805341720581,0.980132450331126,False,True,False,8BW4,8BW3,8BW2,-8.359382855026126,-13.841544070871723,-9.303714173441792,4524.598742650665,2.603352188562398,5.246320798892347,-10.501547033113214,2.930806300135149,-13.841544070871723,1510.8161385460398,2610.0126311808363,2.603352188562398,DIV46,True
15470,Z3588154057,0.92,CC(=O)NC1=CC=C(C)C(NC(=O)N2CCN(C(C)=O)C[C@H]2C)=C1,4.61094999313355,0.9735099337748345,False,True,False,8BW4,8BW3,8BW2,-11.332731311994054,-14.026044239308986,-10.612025480277472,10.714194139884682,3.811416059093255,3.48070117972903,-11.990267010526836,1.799484903490028,-14.026044239308986,6.002103792902322,4.084138790669519,3.48070117972903,DIV47,True
36569,Z1950813236,0.92,C[C@@H]1CN(C(=O)OC(C)(C)C)CCN1C(=O)NNC(=O)CNC(=O)OCC1=CC=CC=C1,4.62829828262329,0.980132450331126,False,True,False,8BW4,8BW3,8BW2,-15.878422090179116,-15.006602066356358,-18.62401357088324,24.12315206323885,30.37621066450053,2.4343742079935904,-16.50301257580624,1.8878563118846736,-18.62401357088324,18.97791231191099,14.664299342775582,2.4343742079935904,DIV48,True
24583,Z1539825389,0.92,COC1=CC=C(NC(=O)N2CCN(C(=O)OC(C)(C)C)CC2C)C=C1OC(F)F,4.03676843643189,0.9735099337748345,False,True,False,8BW4,8BW3,8BW2,-14.072120137321862,-12.294152428989864,-11.204949867655683,1.3903566004543235,1.82833569826782,2.175178335777072,-12.52374081132247,1.4473076583059263,-14.072120137321862,1.7979568781664048,0.3932918046334274,1.3903566004543235,DIV49,True
